{"base_spec":"/pa/ammo/base_missiles/base_missile_tactical.json","damage":50000,"splash_damage":50000,"splash_radius":150,"full_damage_splash_radius":10,"cruise_height":40,"initial_velocity":20.0,"max_velocity":80.0,"turn_rate":360,"lifetime":30,"max_health":1,"influence_radius":400,"model":{"filename":"/pa/units/air/missile_tactical/missile_tactical.papa"},"fx_trail":{"filename":"/pa/units/air/missile_tactical/missile_tactical_trail.pfx","offset":[0.0,4.6,0.0]},"events":{"died":{"audio_cue":"/SE/Impacts/missile_nuke","effect_spec":"/pa/units/land/nuke_launcher/nuke_launcher_ammo_explosion.pfx"}},"audio_loop":"/SE/Movement/missile/bot_tactical_missile_fly_loop","physics":{"radius":1,"gravity_scalar":5,"ignore_gravity":true,"add_to_spatial_db":true},"flight_type":"Staged","stages":[{"ignores_gravity":true,"ignores_LOS":true,"stage_duration":200,"stage_turn_rate":0,"rotates_to_velocity":true},{"ignores_gravity":true,"ignores_LOS":true,"stage_duration":0,"stage_turn_rate":75,"stage_change_range":50,"rotates_to_velocity":true},{"ignores_gravity":false,"ignores_LOS":false,"stage_duration":5000,"stage_turn_rate":405,"rotates_to_velocity":true}]}