{"base_spec":"/pa/ammo/base_missiles/base_missile_tactical.json","si_name":"nuke_launcher_ammo","damage":1000,"splash_damage":2500,"splash_radius":25,"full_damage_splash_radius":5,"splash_damages_allies":false,"cruise_height":75,"initial_velocity":25.0,"max_velocity":100.0,"turn_rate":45,"lifetime":0,"burn_damage":200,"burn_radius":137,"influence_radius":3200,"sim_impact_effect":"/pa/units/land/nuke_launcher/nuke_launcher_ammo_explosion_ent.json","impact_decals":["/pa/effects/specs/nuke_scorch_01.json"],"damage_volume":{"initial_radius":20.0,"radius_velocity":50.0,"radius_accel":100.0,"influence_radius":400,"model":{"filename":"/pa/units/air/missile_nuke/missile_nuke.papa"},"fx_trail":{"filename":"/pa/units/air/missile_nuke/missile_nuke_trail.pfx","offset":[0.0,12.0,0.0]},"events":{"died":{"audio_cue":"/SE/Impacts/missile_seeking","effect_spec":"/pa/units/air/missile_nuke/missile_nuke_implosion.pfx"}}},"audio_loop":"/SE/Movement/missile/nuke_missile_fly_loop","physics":{"radius":1,"push_class":1,"gravity_scalar":5,"ignore_gravity":true,"add_to_spatial_db":true},"armor_damage_map":{"AT_Orbital":0.5},"flight_type":"Staged","stages":[{"ignores_gravity":true,"ignores_LOS":true,"stage_duration":450,"stage_turn_rate":0,"rotates_to_velocity":true},{"ignores_gravity":true,"ignores_LOS":true,"stage_duration":0,"stage_turn_rate":120,"stage_change_range":80,"rotates_to_velocity":true},{"ignores_gravity":false,"ignores_LOS":false,"stage_duration":5000,"stage_turn_rate":360,"rotates_to_velocity":true}]}