{"base_spec":"/pa/tools/base_missile_tactical_turret/base_missile_tactical_turret.json","tool_type":"TOOL_Weapon","ammo_id":"/pa/units/land/emergency_nuke/emergency_nuke_ammo.json","ammo_source":"energy","rate_of_fire":1.0,"max_range":350,"ammo_capacity":5000,"ammo_demand":335,"ammo_per_shot":2500,"yaw_rate":180,"pitch_rate":180,"yaw_range":0,"pitch_range":0,"spread_fire":true,"firing_arc_yaw":180,"firing_arc_pitch":180,"auto_attack":true,"target_layers":["WL_LandHorizontal","WL_WaterSurface","WL_Orbital"]}