{"base_spec":"/pa/units/land/base_structure/base_structure.json","display_name":"Emergency Nuke","description":"Emergency Nuke, for all of those little emergencies round your base.","si_name":"tactical_missile_launcher","max_health":1500,"build_metal_cost":1125,"atrophy_rate":30.0,"atrophy_cool_down":15.0,"spawn_layers":"WL_AnyHorizontalGroundOrWaterSurface","area_build_type":"Sphere","area_build_separation":75,"unit_types":["UNITTYPE_Land","UNITTYPE_Structure","UNITTYPE_Tactical","UNITTYPE_Defense","UNITTYPE_Basic","UNITTYPE_FabBuild","UNITTYPE_Important"],"command_caps":["ORDER_Attack"],"guard_layer":"WL_AnySurface","recon":{"observer":{"items":[{"layer":"surface_and_air","channel":"sight","shape":"capsule","radius":100},{"layer":"underwater","channel":"sight","shape":"capsule","radius":100}]}},"model":[{"layer":"WL_LandHorizontal","filename":"/pa/units/land/tactical_missile_launcher/tactical_missile_launcher.papa","animations":{"start":"/pa/units/land/tactical_missile_launcher/tactical_missile_launcher_anim_start.papa","end":"/pa/units/land/tactical_missile_launcher/tactical_missile_launcher_anim_end.papa"},"animtree":"/pa/anim/anim_trees/tactical_missile_launcher_anim_tree.json","skirt_decal":"/pa/effects/specs/skirt_08.json"},{"layer":"WL_WaterSurface","filename":"/pa/units/sea/tactical_missile_launcher/tactical_missile_launcher.papa","animations":{"start":"/pa/units/land/tactical_missile_launcher/tactical_missile_launcher_anim_start.papa","end":"/pa/units/land/tactical_missile_launcher/tactical_missile_launcher_anim_end.papa"},"animtree":"/pa/anim/anim_trees/tactical_missile_launcher_anim_tree.json"}],"tools":[{"spec_id":"/pa/units/land/emergency_nuke/emergency_nuke_tool_weapon.json","aim_bone":"bone_missile01","muzzle_bone":"bone_missile01"}],"events":{"build_complete":{"audio_cue":"/SE/Build_Complete/factory"},"fired":{"audio_cue":"/SE/Weapons/structure/tact_mis_launcher_catapult_fire","effect_spec":"/pa/units/land/tactical_missile_launcher/tactical_missile_launcher_launch.pfx"},"died":{"audio_cue":"/SE/Death/Factory","effect_scale":0.5}},"audio":{"selection_response":{"cue":"/SE/Selection/structure/artillery"}},"death_weapon":{"ground_ammo_spec":"/pa/ammo/nuke_pbaoe2/nuke_pbaoe2.json"},"TEMP_texelinfo":15.8261,"mesh_bounds":[9,9,8.7]}