{"base_spec":"/pa/units/land/base_vehicle/base_vehicle.json","display_name":"Killer","description":"A tank used to KILL.","max_health":5000,"build_metal_cost":7500,"guard_radius":200,"attachable":{"offsets":{"root":[0,0,0],"head":[0,0,3.1]}},"unit_types":["UNITTYPE_Tank","UNITTYPE_Mobile","UNITTYPE_Offense","UNITTYPE_Land","UNITTYPE_Advanced","UNITTYPE_FactoryBuild"],"navigation":{"type":"land-small","acceleration":100,"brake":100,"move_speed":12,"turn_speed":360,"group_preference":"back"},"transportable":{"size":1},"physics":{"radius":4,"push_class":60,"allow_pushing":true},"model":{"filename":"/pa/units/land/tank_heavy_killer/tank_heavy_killer.papa","animtree":"/pa/units/land/tank_heavy_killer/tank_heavy_killer_anim_tree.json", "arrows":5},"guard_layer":["WL_LandHorizontal","Wl_Air"],"nearby_target_tick_update_interval":15,"tools":[{"spec_id":"/pa/units/land/tank_heavy_killer/tank_heavy_killer_tool_weapon.json","aim_bone":"socket_aim","projectiles_per_fire":2,"muzzle_bone":["muzzleL","muzzleR"]}],"died":{"audio_cue":"/SE/Death/Veh","effect_scale":1.4},"fired":{"audio_cue":"/SE/Weapons/veh/tank_T2_sheller"},"audio":{"loops":{"move":{"cue":"/SE/Movement/veh/tank_heavy_mortar_loop_sheller_T2","flag":"vel_changed","should_start_func":"is_moving","should_stop_func":"is_not_moving"}}},"headlights":[{"gobo":"/pa/effects/textures/gobo/spotlight_gobo.papa","offset":[0,-1.0,1.5],"orientation":[0,65,0],"near_width":1.2,"near_height":1.2,"near_distance":1.2,"far_distance":20,"color":[1,1,1],"intensity":1.4}],"TEMP_texelinfo":9.31488,"mesh_bounds":[5.2,7,3]}