{"base_spec":"/pa/units/commanders/sub_commander_stats/sub_commander_stats.json","display_name":"Imperial Class Commander","description":"Imperial Class Commander. - If you're seeing this, something is wrong in your commander.","model":{"filename":"/pa/units/commanders/imperial_delta/imperial_delta.papa","animations":{"walk":"/pa/units/commanders/imperial_base/imperial_base_anim_walk.papa","idle":"/pa/units/commanders/imperial_base/imperial_base_anim_idle.papa","aim_up":"/pa/units/commanders/imperial_base/imperial_base_anim_aimUp.papa","aim_down":"/pa/units/commanders/imperial_base/imperial_base_anim_aimDown.papa"},"animtree":"/pa/anim/anim_trees/commander_anim_tree.json","walk_speed":5.0},"audio":{"loops":{"build":{"cue":"/SE/Construction/Commander_contruction_beam_loop","flag":"build_target_changed","should_start_func":"has_build_target","should_stop_func":"no_build_target"},"move":{"cue":"/SE/Movement/commander/Commander_move_loop_imperial","flag":"vel_changed","should_start_func":"is_moving","should_stop_func":"is_not_moving"}}}}