{"recon":{"observable":{"layer":"surface_and_air","sphere_radius":5,"ignore_radar":true,"always_visible":true}},"spawn_response":{"audio_cue":"/SE/Impacts/titan_bot_nuke_impact","effect_spec":"/pa/units/land/titan_bot/titan_bot_attack.pfx","effect_world_aligned":true,"camera_shake":{"duration":3.0,"min_falloff_dist":300.0,"max_falloff_dist":1000.0,"interval":{"keys":[[1.2,0],[1.3,0.0],[3.0,0.0]],"stepped":false},"width":{"keys":[[1.2,0],[1.3,7.0],[3.0,0]],"stepped":false},"height":{"keys":[[1.2,0],[1.3,7.0],[3.0,0]],"stepped":false}}}}