{"base_spec":"/pa/tools/base_shell_turret/base_shell_turret.json","ammo_id":"/pa/units/air/support_platform/support_platform_interception_ammo.json","ammo_source":"energy","rate_of_fire":5.0,"max_range":160,"ammo_capacity":12500,"ammo_demand":250,"ammo_per_shot":2500,"yaw_rate":0,"pitch_rate":0,"yaw_range":0,"pitch_range":0,"firing_arc_yaw":360,"firing_arc_pitch":360,"spread_fire":true,"auto_attack":true,"auto_task_type":"anti_entity","anti_entity_targets_units":false,"anti_entity_targets":["/pa/units/air/fighter/fighter_ammo.json","/pa/units/air/fighter_adv/fighter_adv_ammo.json","/pa/units/land/aa_missile_vehicle/aa_missile_vehicle_ammo.json","/pa/units/land/air_defense/air_defense_ammo.json","/pa/units/commanders/base_commander/base_commander_aa_ammo.json"],"target_layers":["WL_Air","WL_Orbital"]}