{
   "base_spec":"/pa/ammo/base_ammo/base_ammo.json",
   "spawn_layers":"orbital",
   "flight_type":"Direct",
   "damage":40000,
   "splash_damage":40000,
   "splash_radius":300,
   "full_damage_splash_radius": 150,
   "splash_damages_allies": true,
   "armor_damage_map":{"AT_Commander":0.4},
   "initial_velocity":800.0,
   "max_velocity":800.0,
   "burn_damage": 200,
    "impact_decals": [
        "/pa/effects/specs/nuke_scorch_01.json"
    ],
   "burn_radius": 137,
   "damage_volume": {
        "initial_radius": 5,
        "radius_velocity": 20,
        "radius_accel": 100,
        "delay": 1,
        "burnable_remove_radius": 100
    },
   "lifetime":6,
   "model":{
      "filename":""
   },
   "fx_trail":{
      "filename":"/pa/units/orbital/orbital_laser/orbital_laser_proj_trail.pfx",
      "effect_scale":12
   },
   "events":{
      "died":{
         "audio_cue":"/SE/Impacts/orbital_laser",
         "effect_spec":"/pa/units/orbital/orbital_laser/Laser_proj_explosion.pfx"
      }
   },
   "physics":{
      "radius":1,
      "push_class":1,
      "gravity_scalar":1,
      "ignore_gravity":true,
      "add_to_spatial_db":false
   }
}