{
   "base_spec":"/pa/tools/base_laser_turret/base_laser_turret.json",
   "ammo_id":"/pa/units/orbital/orbital_laser/orbital_laser_ammo.json",
   "ammo_source":"energy",
   "rate_of_fire":0.1,
   "ammo_capacity":20000000,
   "ammo_demand":333333,
   "ammo_per_shot":20000000,
   "max_range":30,
   "yaw_rate":7200,
   "pitch_rate":7200,
   "yaw_range":180,
   "pitch_range":180,
   "auto_attack": true,
   "target_layers":[
      "WL_LandHorizontal",
      "WL_WaterSurface",
      "WL_Seafloor"
   ],
   "target_priorities":[
      "Structure - Wall",
      "Land - Wall",
      "Naval",
      "Wall"
   ]
}