{
   "base_spec":"/pa/units/orbital/base_orbital/base_orbital.json",
   "display_name":"!LOC:SXX-1304 Laser Platform",
   "description":"!LOC:Orbital laser platform- Useful against structures and large clumps of units.",
   "max_health":5600,
   "build_metal_cost":120000,
   "spawn_layers":"WL_Orbital",
   "planetary_arrival_cooldown_time": 5,
   "gravwell_velocity_multiplier":6.0,
   "attachable":{
      "offsets":{
         "root":[
            0,
            0,
            0
         ]
      }
   },
   "unit_types":[
      "UNITTYPE_Mobile",
      "UNITTYPE_Offense",
      "UNITTYPE_Orbital",
      "UNITTYPE_LaserPlatform",
      "UNITTYPE_Advanced",
      "UNITTYPE_FactoryBuild",
      "UNITTYPE_Important"
   ],
   "command_caps":[
      "ORDER_Move",
      "ORDER_Patrol",
      "ORDER_Attack"
,"ORDER_Use"   ],
   "guard_layer":"WL_AnySurface",
   "energy_efficiency_requirement":0.9,
   "navigation":{
		"type": "orbital",
		"acceleration": 5,
		"brake": 5,
		"move_speed": 15,
		"turn_speed": 90,
		"hover_time": -1.0
   },
   "physics":{
      "radius":10,
      "push_class":15,
      "gravity_scalar":0.001
   },
   "recon":{
"observable":{
"layer":"orbital",

"ignore_radar":true
},
"observer":{
         "items":[
            {
               "layer":"surface_and_air",
               "channel":"sight",
               "shape":"capsule",
               "radius":100
            },
            {
               "layer":"orbital",
               "channel":"sight",
               "shape":"sphere",
               "radius":100
            }
         ]
      }
   },
   "model":{
      "filename":"/pa/units/orbital/orbital_laser/orbital_laser.papa",
      "animations":{
         "open":"/pa/units/orbital/orbital_laser/orbital_laser_anim_open.papa",
         "closed":"/pa/units/orbital/orbital_laser/orbital_laser_anim_closed.papa",
         "deploy":"/pa/units/orbital/orbital_laser/orbital_laser_anim_deploy.papa"
      },
      "animtree":"/pa/anim/anim_trees/orbital_laser_anim_tree.json"
   },
   "tools":[
      {
         "spec_id":"/pa/units/orbital/orbital_laser/orbital_laser_tool_weapon.json",
         "aim_bone":"bone_recoil",
         "muzzle_bone":"socket_muzzle"
      }
   ],
   "events":{
      "build_complete":{
         "audio_cue":"/SE/Build_Complete/orbital"
      },
      "fired":{
         "audio_cue":"/SE/Weapons/orb/orb_ssx_laser_fire",
         "effect_spec":"/pa/units/orbital/orbital_laser/orbital_laser_muzzle_flash.pfx socket_muzzle",
         "effect_scale":3
      },
      "died":{
         "audio_cue":"/SE/Death/orbital",
         "effect_scale":2
      }
   },
   "mesh_bounds":[
      38,
      38,
      40
   ],
   "TEMP_texelinfo":31.6199
}