{"base_spec":"/pa/units/air/base_flyer/base_flyer.json","display_name":"!LOC:Hornet","description":"!LOC:Bomber- Equipped with advanced anti-land and anti-naval tactical missiles.","max_health":1000,"build_metal_cost":45000,"consumption":{"energy":5000},"energy_efficiency_requirement":0.9,"unit_types":["UNITTYPE_Bomber","UNITTYPE_Mobile","UNITTYPE_Offense","UNITTYPE_Air","UNITTYPE_Tactical","UNITTYPE_Advanced","UNITTYPE_FactoryBuild"],"guard_layer":"WL_AnySurface","navigation":{"type":"air","acceleration":50,"brake":125,"move_speed":125,"turn_speed":45,"dodge_radius":0,"dodge_multiplier":0.0,"aggressive_distance":300.0,"aggressive_height":150.0,"wobble_factor":0.05,"wobble_speed":0.1},"physics":{"radius":9,"gravity_scalar":1,"push_class":2,"push_sideways":false,"allow_pushing":false,"air_friction":1.0},"recon":{
"observable":{
"layer":"surface_and_air",

"ignore_radar":true
},"observer":{"items":[{"layer":"surface_and_air","channel":"sight","shape":"capsule","radius":100},{"layer":"surface_and_air","channel":"radar","shape":"capsule","radius":350,"uses_energy":true},{"layer":"underwater","channel":"sight","shape":"capsule","radius":100}]}},"model":{"filename":"/pa/units/air/bomber_adv/bomber_adv.papa","arrows":5},"tools":[{"spec_id":"/pa/units/air/bomber_adv/bomber_adv_tool_weapon.json","aim_bone":"bone_root","muzzle_bone":"bone_root"}],"death_weapon":{"ground_ammo_spec":"/pa/ammo/air_pbaoe/air_pbaoe.json"},"events":{"build_complete":{"audio_cue":"/SE/Build_Complete/air"},"fired":{"audio_cue":"/SE/Weapons/air/bomber_T2_fire"},"died":{"audio_cue":"/SE/Death/Air","effect_scale":1.0}},"fx_offsets":[{"type":"moving_forward","filename":"/pa/units/air/bomber_adv/bomber_adv_jets.pfx","offset":[0,0,0]}],"audio":{"loops":{"move":{"cue":"/SE/Movement/air/air_bomber_T2_loop","flag":"vel_changed","should_start_func":"is_moving","should_stop_func":"is_not_moving"}},"selection_response":{"cue":"/SE/Selection/air/bomber_T2"}},"TEMP_texelinfo":11.3221,"mesh_bounds":[23,9.5,4.8]}