{"base_spec":"/pa/ammo/base_missiles/base_missile_tactical.json","damage":50000,"splash_damage":50000,"splash_radius":50,"full_damage_splash_radius":10,"cruise_height":40,"initial_velocity":25.0,"max_velocity":100.0,"turn_rate":360,"lifetime":30,"max_health":1,"influence_radius":400,"model":{"filename":"/pa/units/air/missile_tactical/missile_tactical.papa"},"fx_trail":{"filename":"/pa/units/air/missile_tactical/missile_tactical_trail.pfx","offset":[0.0,4.6,0.0]},"events":{"died":{"audio_cue":"/SE/Impacts/missile_nuke","effect_spec":"/pa/units/land/nuke_launcher/nuke_launcher_ammo_explosion.pfx"}},"audio_loop":"/SE/Movement/missile/bomber_t2_fly_loop","physics":{"radius":1,"gravity_scalar":5,"ignore_gravity":true,"add_to_spatial_db":true},"flight_type":"Staged","stages":[{"ignores_gravity":false,"ignores_LOS":true,"stage_duration":250,"stage_turn_rate":0,"apply_thrust":false,"rotates_to_velocity":false},{"ignores_gravity":true,"ignores_LOS":true,"stage_duration":0,"stage_turn_rate":120,"stage_change_range":20,"rotates_to_velocity":true},{"ignores_gravity":false,"ignores_LOS":false,"stage_duration":5000,"stage_turn_rate":3600,"apply_thrust":true,"rotates_to_velocity":true}]}