{"base_spec":"/pa/tools/base_shell_turret/base_shell_turret.json","ammo_id":"/pa/units/land/bot_sniper/bot_sniper_beam_ammo.json","ammo_source":"energy","rate_of_fire":5.0,"idle_aim_delay":0.1,"max_range":75,"ammo_capacity":12500,"ammo_demand":250,"ammo_per_shot":2500,"yaw_rate":3600,"pitch_rate":3600,"yaw_range":180,"pitch_range":89,"spread_fire":true,"auto_attack":true,"manual_fire":true,"auto_task_type":"anti_entity","anti_entity_targets":["/pa/units/land/bot_tactical_missile/bot_tactical_missile_ammo.json","/pa/units/air/bomber_adv/bomber_adv_ammo.json","/pa/units/land/tactical_missile_launcher/tactical_missile_launcher_ammo.json","/pa/units/land/emergency_nuke/emergency_nuke_ammo.json","/pa/units/land/anti_nuke_launcher/anti_nuke_launcher_ammo.json"],"target_layers":["WL_Air"]}