{
  "ammo_id": "/pa/units/land/tesla/tesla_anti_tac_ammo.json",
  "anti_entity_targets": [
    "/pa/units/land/bot_tactical_missile/bot_tactical_missile_ammo.json",
    "/pa/units/air/bomber_adv/bomber_adv_ammo.json",
    "/pa/units/land/tactical_missile_launcher/tactical_missile_launcher_ammo.json",	"/pa/units/land/emergency_nuke/emergency_nuke_ammo.json", "/pa/units/sea/missile_ship/missile_ship_ammo.json"
  ],
  "auto_attack": true,
  "auto_task_type": "anti_entity",
  "base_spec": "/pa/tools/base_shell_turret/base_shell_turret.json",
  "idle_aim_delay": 0.1,
  "manual_fire": true,
  "max_range": 350,
  "pitch_range": 89,
  "pitch_rate": 3600,
  "rate_of_fire": 1.0,
  "spread_fire": true,
  "target_layers": [
    "WL_Air",
    "WL_Orbital"
  ],
  "yaw_range": 180,
  "yaw_rate": 3600
}