{
  "TEMP_texelinfo": 9.09853,
 "si_name":"tesla",  "area_build_separation": 20,
  "area_build_type": "Sphere",
  "atrophy_cool_down": 15,
  "atrophy_rate": 26.66667,
  "base_spec": "/pa/units/land/base_structure/base_structure.json",
  "build_metal_cost": 10000,
  "command_caps": [
    "ORDER_Attack"
  ],
  "description": "general-purpose Tesla turret, lightning arcs are capable of shooting down tactical missiles.",
  "display_name": "Tesla tower",
  "events": {
    "build_complete": {
      "audio_cue": "/SE/Build_Complete/structure_small"
    },
    "died": {
      "audio_cue": "/SE/Death/structure_small",
      "effect_scale": 0.5
    },
    "fired": {
      "audio_cue": "/SE/Weapons/structure/air_defense_flak_fire",
      "effect_spec": "/pa/units/land/tesla/fire.pfx bone_root"
    }
  },
  "guard_layer": "WL_AnySurface",
  "max_health": 1500,
  "mesh_bounds": [
    7,
    7,
    9.4
  ],
  "model": [
    {
      "filename": "/pa/units/land/tesla/tesla.papa",
      "layer": "WL_LandHorizontal",
      "skirt_decal": "/pa/effects/specs/skirt_radar.json"
    },
    {
      "filename": "/pa/units/land/tesla/tesla.papa",
      "layer": "WL_WaterSurface"
    }
  ],
  "nearby_target_tick_update_interval": 3,
  "recon": {
    "observer": {
      "items": [
        {
          "channel": "sight",
          "layer": "surface_and_air",
          "radius": 155,
          "shape": "capsule"
        },
        {
          "channel": "sight",
          "layer": "underwater",
          "radius": 155,
          "shape": "capsule"
        }
      ]
    }
  },
  "spawn_layers": "WL_AnyHorizontalGroundOrWaterSurface",
  "tools": [
    {
      "aim_bone": "bone_muzzle",
      "spec_id": "/pa/units/land/tesla/tesla_aa.json"
    },
	{
	"aim_bone": "bone_muzzle",
    "spec_id": "/pa/units/land/tesla/tesla_anti_ground.json"
	},
	{
	"aim_bone": "bone_muzzle",
    "spec_id": "/pa/units/land/tesla/tesla_anti_tac.json"
	}
  ],
     "fx_offsets":[
      {
         "type":"idle",
		 "bone": "bone_root",
         "filename":"/pa/units/land/tesla/idle.pfx",
         "offset":[0, 0, 0.2]
      }],
  "unit_types": [
    "UNITTYPE_Structure",
    "UNITTYPE_Advanced",
    "UNITTYPE_Land",
    "UNITTYPE_Defense",
    "UNITTYPE_FabAdvBuild"
  ]
}