{"display_name":"Base Bot","description":"Base Bot Description - If you're seeing this, something is wrong in your bot.","strategic_icon_priority":3,"max_health":1,"build_metal_cost":1,"armor_type":"AT_Bot","lod_hide_pixelsize":32.0,"wreckage_health_frac":0.0,"guard_radius":50,"unit_types":["UNITTYPE_Bot","UNITTYPE_Mobile","UNITTYPE_Land","UNITTYPE_NoBuild"],"command_caps":["ORDER_Move","ORDER_Patrol","ORDER_Attack","ORDER_Assist","ORDER_Use"],"navigation":{"type":"amphibious","acceleration":1,"brake":1,"move_speed":1,"turn_speed":1,"dodge_radius":15,"dodge_multiplier":1.0,"wobble_factor":0.1,"wobble_speed":0.2},"physics":{"radius":8,"push_class":2,"air_friction":1.0},"recon":{"observer":{"items":[{"layer":"surface_and_air","channel":"sight","shape":"capsule","radius":85}]}},"teleportable":{},"events":{"build_complete":{"audio_cue":"/SE/Build_Complete/bot"},"fired":{"audio_cue":"/SE/Weapons/base/base_fire_laser","effect_spec":"/pa/effects/specs/default_muzzle_flash.pfx socket_muzzle"},"died":{"audio_cue":"/SE/Death/Bot","effect_spec":"/pa/effects/specs/default_explosion.pfx"}},"audio":{"loops":{"move":{"cue":"/SE/Movement/bot/assault_loop","flag":"vel_changed","should_start_func":"is_moving","should_stop_func":"is_not_moving"}},"selection_response":{"cue":"/SE/Selection/bot/T2_fab"}},"death":{"decals":["/pa/effects/specs/scorch_a_01.json"]},"TEMP_texelinfo":1.0}