{"base_spec":"/pa/units/land/base_structure/base_structure.json","display_name":"!LOC:Catalyst","description":"!LOC:Analysis: Controls things. Big things.","max_health":200000,"build_metal_cost":2000000,"atrophy_rate":500,"atrophy_cool_down":15.0,"feature_requirements":["control_point"],"area_build_type":"Sphere","force_snap_to_feature_orientation":true,"feature_snap_ignores_pathability":true,"activates_control_point":true,"unit_types":["UNITTYPE_Structure","UNITTYPE_ControlModule","UNITTYPE_Advanced","UNITTYPE_FabAdvBuild","UNITTYPE_Important"],"recon":{"observable":{"layer":"surface_and_air","ignore_radar":true,"always_visible":true},"observer":{"items":[{"layer":"surface_and_air","channel":"sight","shape":"capsule","radius":100}]}},"model":{"filename":"/pa/units/land/control_module/control_module.papa","animations":{"start":"/pa/units/land/control_module/control_module_anim_start.papa","loop":"/pa/units/land/control_module/control_module_anim_loop.papa","end":"/pa/units/land/control_module/control_module_anim_end.papa"},"animtree":"/pa/anim/anim_trees/powered_loop_anim_tree.json"},"events":{"build_complete":{"audio_cue":"/SE/Build_Complete/control_point"},"died":{"audio_cue":"/SE/Death/control_point","effect_scale":7.5}},"fx_offsets":[{"type":"idle","filename":"/pa/units/land/control_module/control_module_strobe01.pfx","bone":"bone_rightArm","offset":[0.35,-112.156,2.578]},{"type":"idle","filename":"/pa/units/land/control_module/control_module_strobe02.pfx","bone":"bone_leftArm","offset":[-0.35,-112.156,2.578]},{"type":"idle","filename":"/pa/units/land/control_module/control_module_enabled.pfx","bone":"bone_conductor02","offset":[0,-63,4]}],"headlights":[{"gobo":"/pa/effects/textures/gobo/spotlight_gobo.papa","offset":[5.688,-75.598,12.0],"orientation":[0.0,35.0,0.0],"near_width":1.0,"near_height":1.2,"near_distance":0.5,"far_distance":15.0,"color":[1.5,1.52,1.6],"intensity":5.0,"bone":"bone_rightArm"},{"gobo":"/pa/effects/textures/gobo/spotlight_gobo.papa","offset":[-5.688,-75.598,12.0],"orientation":[0.0,35.0,0.0],"near_width":1.0,"near_height":1.2,"near_distance":0.5,"far_distance":15.0,"color":[1.5,1.52,1.6],"intensity":5.0,"bone":"bone_leftArm"}],"lamps":[{"offset":[-30.126,-44.99,32.0],"radius":4.0,"color":[1.0,0.0,0.0],"intensity":2.0},{"offset":[30.126,-44.99,32.0],"radius":4.0,"color":[1.0,0.0,0.0],"intensity":2.0}],"mesh_bounds":[80,150,100],"placement_size":[100,170],"TEMP_texelinfo":51.0}