{
   "base_spec":"/pa/tools/base_laser_turret/base_laser_turret.json",
   "ammo_id":"/pa/units/orbital/excal/excal_ammo.json","ammo_source":"energy","rate_of_fire":5.0,"max_range":300,"ammo_capacity":125000000,"ammo_demand":250000,"ammo_per_shot":2500000,"spread_fire":true,"auto_attack":true,"manual_fire":true,"auto_task_type":"anti_entity","anti_entity_targets":["/pa/units/land/bot_tactical_missile/bot_tactical_missile_ammo.json","/pa/units/air/bomber_adv/bomber_adv_ammo.json","/pa/units/land/tactical_missile_launcher/tactical_missile_launcher_ammo.json","/pa/units/land/anti_nuke_launcher/anti_nuke_launcher_ammo.json"],"target_layers":["WL_Air","WL_Orbital"]}