{"build_list":[{"name":"Basic Air Defense - Mex","to_build":"BasicAirDefense","instance_count":1,"shared_instance_count":"BasicAirDefense","priority":261,"base_sort":"FromPerimeter","builders":["AnyBasicFabber"],"build_conditions":[[{"test_type":"CanAffordBuildDemand"},{"test_type":"DistFromMainBase","compare0":">=","value0":150},{"test_type":"UnitCountInBase","unit_type_string0":"Structure & Basic & AirDefense","compare0":"<","value0":1},{"test_type":"UnitCountInBase","unit_type_string0":"Structure & MetalProduction","compare0":">=","value0":2},{"test_type":"CanFindPlaceToBuild","string0":"BasicAirDefense"}],[{"test_type":"CanAffordBuildDemand"},{"test_type":"DistFromNearestEnemyThreat","compare0":"<=","value0":200},{"test_type":"UnitCountInBase","unit_type_string0":"Structure & Basic & AirDefense","compare0":"<","value0":1},{"test_type":"UnitCountInBase","unit_type_string0":"Structure & MetalProduction","compare0":">=","value0":2},{"test_type":"CanFindPlaceToBuild","string0":"BasicAirDefense"}]],"placement_rules":{"buffer":2,"placement_type":"FromMainBasePerimeter","unit_count_rules":[{"unit_type_string":"Structure & MetalProduction","alliance":"Ally","compare_type":">=","range":50,"count":1},{"unit_type_string":"Structure & Basic & AirDefense","alliance":"Ally","compare_type":"<","range":100,"count":1}],"threat":{"influence_type":"AntiSurface","compare_type":"<","radius":35,"value":5}}},{"name":"Basic Land Defense Single - Mex","to_build":"BasicLandDefenseSingle","instance_count":1,"shared_instance_count":"BasicLandDefense","priority":261,"base_sort":"FromPerimeter","builders":["AnyBasicFabber"],"build_conditions":[[{"test_type":"CanAffordBuildDemand"},{"test_type":"DistFromMainBase","compare0":">=","value0":150},{"test_type":"HasPersonalityTag","string0":"Tutorial","boolean":false},{"test_type":"UnitCountInBase","unit_type_string0":"Structure & Basic & SurfaceDefense","compare0":"<","value0":1},{"test_type":"UnitCountInBase","unit_type_string0":"Structure & MetalProduction","compare0":">=","value0":2},{"test_type":"CanFindPlaceToBuild","string0":"BasicLandDefenseSingle"}],[{"test_type":"CanAffordBuildDemand"},{"test_type":"DistFromNearestEnemyThreat","compare0":"<=","value0":200},{"test_type":"HasPersonalityTag","string0":"Tutorial","boolean":false},{"test_type":"UnitCountInBase","unit_type_string0":"Structure & Basic & SurfaceDefense","compare0":"<","value0":1},{"test_type":"UnitCountInBase","unit_type_string0":"Structure & MetalProduction","compare0":">=","value0":2},{"test_type":"CanFindPlaceToBuild","string0":"BasicLandDefenseSingle"}]],"placement_rules":{"buffer":2,"placement_type":"FromMainBasePerimeter","unit_count_rules":[{"unit_type_string":"Structure & MetalProduction","alliance":"Ally","compare_type":">=","range":50,"count":1},{"unit_type_string":"Structure & Basic & SurfaceDefense","alliance":"Ally","compare_type":"<","range":100,"count":1}],"threat":{"influence_type":"AntiSurface","compare_type":"<","radius":35,"value":5}}},{"name":"Basic Air Defense","to_build":"BasicAirDefense","instance_count":1,"shared_instance_count":"BasicAirDefense","priority":85,"base_sort":"FromPerimeter","builders":["AnyBasicFabber"],"build_conditions":[[{"test_type":"CanAffordBuildDemand"},{"test_type":"UnitCountInBase","unit_type_string0":"Structure & Basic & AirDefense","compare0":"<","value0":2},{"test_type":"UnitCountInBase","unit_type_string0":"Structure & (EnergyProduction | Factory)","compare0":">=","value0":3},{"test_type":"CanFindPlaceToBuild","string0":"BasicAirDefense"}],[{"test_type":"CanAffordBuildDemand"},{"test_type":"UnitCountInBase","unit_type_string0":"Structure & Basic & AirDefense","compare0":"<","value0":2},{"test_type":"UnitCountInBase","unit_type_string0":"Structure & (Tactical | Artillery)","compare0":">=","value0":1},{"test_type":"CanFindPlaceToBuild","string0":"BasicAirDefense"}]],"placement_rules":{"buffer":2,"placement_type":"FromMainBasePerimeter","unit_count_rules":[{"unit_type_string":"Structure & (EnergyProduction | Factory | Tactical | Artillery)","alliance":"Ally","compare_type":">=","range":50,"count":1},{"unit_type_string":"Structure & Basic & AirDefense","alliance":"Ally","compare_type":"<","range":50,"count":1}]}},{"name":"Basic Air Defense - Threat","to_build":"BasicAirDefense","instance_count":1,"shared_instance_count":"BasicAirDefense","priority":262,"base_sort":"FromPerimeter","builders":["Commander","AnyBasicFabber"],"build_conditions":[[{"test_type":"CanAffordBuildDemand"},{"test_type":"UnitCountInBase","unit_type_string0":"Structure & Basic & AirDefense","compare0":"<","value0":4},{"test_type":"HasPersonalityTag","string0":"Tutorial","boolean":false},{"test_type":"PlanetHighestEnemyArmyThreatRatio","string0":"Air","string1":"AntiAir","compare0":">","value0":1.0},{"test_type":"UnitCountInBase","unit_type_string0":"Structure & (EnergyProduction | Factory)","compare0":">=","value0":3},{"test_type":"CanFindPlaceToBuild","string0":"BasicAirDefense"}]],"placement_rules":{"buffer":2,"placement_type":"FromMainBaseCenter","unit_count_rules":[{"unit_type_string":"Structure & (EnergyProduction | Factory | Tactical | Artillery)","alliance":"Ally","compare_type":">=","range":50,"count":1},{"unit_type_string":"Structure & Basic & AirDefense","alliance":"Ally","compare_type":"<","range":75,"count":2}]}},{"name":"Basic Land Defense Single","to_build":"BasicLandDefenseSingle","instance_count":1,"shared_instance_count":"BasicLandDefense","priority":85,"base_sort":"FromPerimeter","builders":["AnyBasicFabber"],"build_conditions":[[{"test_type":"CanAffordBuildDemand"},{"test_type":"HasPersonalityTag","string0":"Tutorial","boolean":false},{"test_type":"UnitCountInBase","unit_type_string0":"Structure & Basic & SurfaceDefense","compare0":"<","value0":2},{"test_type":"UnitCountInBase","unit_type_string0":"Structure & (EnergyProduction | Factory)","compare0":">=","value0":3},{"test_type":"HaveSeenEnemyUnits","unit_type_string0":"Mobile & Land & Advanced","boolean":false},{"test_type":"CanFindPlaceToBuild","string0":"BasicLandDefenseSingle"}],[{"test_type":"CanAffordBuildDemand"},{"test_type":"HasPersonalityTag","string0":"Tutorial","boolean":false},{"test_type":"UnitCountInBase","unit_type_string0":"Structure & Basic & SurfaceDefense","compare0":"<","value0":2},{"test_type":"UnitCountInBase","unit_type_string0":"Structure & (Tactical | Artillery)","compare0":">=","value0":1},{"test_type":"HaveSeenEnemyUnits","unit_type_string0":"Mobile & Land & Advanced","boolean":false},{"test_type":"CanFindPlaceToBuild","string0":"BasicLandDefenseSingle"}]],"placement_rules":{"buffer":2,"placement_type":"FromMainBasePerimeter","unit_count_rules":[{"unit_type_string":"Structure & (EnergyProduction | Factory | Tactical | Artillery)","alliance":"Ally","compare_type":">=","range":50,"count":1},{"unit_type_string":"Structure & Basic & SurfaceDefense","alliance":"Ally","compare_type":"<","range":50,"count":1}]}},{"name":"Basic Land Defense Single - Threat","to_build":"BasicLandDefenseSingle","instance_count":1,"shared_instance_count":"BasicLandDefense","priority":262,"base_sort":"FromPerimeter","builders":["Commander"],"build_conditions":[[{"test_type":"CanAffordBuildDemand"},{"test_type":"UnitCountInBase","unit_type_string0":"Structure & Basic & SurfaceDefense","compare0":"<","value0":4},{"test_type":"HasPersonalityTag","string0":"Tutorial","boolean":false},{"test_type":"PlanetHighestEnemyArmyThreatRatio","string0":"Land","string1":"AntiSurface","compare0":">","value0":1.0},{"test_type":"UnitCountInBase","unit_type_string0":"Structure & (EnergyProduction | Factory)","compare0":">=","value0":3},{"test_type":"HaveSeenEnemyUnits","unit_type_string0":"Mobile & Land & Advanced","boolean":false},{"test_type":"CanFindPlaceToBuild","string0":"BasicLandDefenseSingle"}]],"placement_rules":{"buffer":2,"placement_type":"FromMainBaseCenter","unit_count_rules":[{"unit_type_string":"Structure & (EnergyProduction | Factory | Tactical | Artillery)","alliance":"Ally","compare_type":">=","range":50,"count":1},{"unit_type_string":"Structure & Basic & SurfaceDefense","alliance":"Ally","compare_type":"<","range":75,"count":2}]}},{"name":"Basic Land Defense","to_build":"BasicLandDefense","instance_count":1,"priority":85,"base_sort":"FromPerimeter","builders":["AnyBasicFabber"],"build_conditions":[[{"test_type":"CanAffordBuildDemand"},{"test_type":"UnitCountInBase","unit_type_string0":"Structure & Basic & SurfaceDefense","compare0":"<","value0":2},{"test_type":"HasPersonalityTag","string0":"Tutorial","boolean":false},{"test_type":"UnitCountInBase","unit_type_string0":"Structure & (EnergyProduction | Factory)","compare0":">=","value0":3},{"test_type":"CanFindPlaceToBuild","string0":"BasicLandDefense"}],[{"test_type":"CanAffordBuildDemand"},{"test_type":"HasPersonalityTag","string0":"Tutorial","boolean":false},{"test_type":"UnitCountInBase","unit_type_string0":"Structure & Basic & SurfaceDefense","compare0":"<","value0":2},{"test_type":"UnitCountInBase","unit_type_string0":"Structure & (Tactical | Artillery)","compare0":">=","value0":1},{"test_type":"CanFindPlaceToBuild","string0":"BasicLandDefense"}]],"placement_rules":{"buffer":2,"placement_type":"FromMainBasePerimeter","unit_count_rules":[{"unit_type_string":"Structure & (EnergyProduction | Factory | Tactical | Artillery)","alliance":"Ally","compare_type":">=","range":50,"count":1},{"unit_type_string":"Structure & Basic & SurfaceDefense","alliance":"Ally","compare_type":"<","range":50,"count":1}]}},{"name":"Basic Land Defense - Threat","to_build":"BasicLandDefense","instance_count":1,"priority":262,"base_sort":"FromPerimeter","builders":["AnyBasicFabber"],"build_conditions":[[{"test_type":"CanAffordBuildDemand"},{"test_type":"UnitCountInBase","unit_type_string0":"Structure & Basic & SurfaceDefense","compare0":"<","value0":4},{"test_type":"HasPersonalityTag","string0":"Tutorial","boolean":false},{"test_type":"PlanetHighestEnemyArmyThreatRatio","string0":"Land","string1":"AntiSurface","compare0":">","value0":1.0},{"test_type":"UnitCountInBase","unit_type_string0":"Structure & (EnergyProduction | Factory)","compare0":">=","value0":3},{"test_type":"CanFindPlaceToBuild","string0":"BasicLandDefense"}]],"placement_rules":{"buffer":2,"placement_type":"FromMainBaseCenter","unit_count_rules":[{"unit_type_string":"Structure & (EnergyProduction | Factory | Tactical | Artillery)","alliance":"Ally","compare_type":">=","range":50,"count":1},{"unit_type_string":"Structure & Basic & SurfaceDefense","alliance":"Ally","compare_type":"<","range":75,"count":2}]}},{"name":"Basic Artillery","to_build":"BasicArtillery","instance_count":1,"min_num_assisters":2,"max_num_assisters":5,"priority":245,"builders":["AnyBasicFabber"],"build_conditions":[[{"test_type":"CanAffordBuildDemand"},{"test_type":"HasPersonalityTag","string0":"Tutorial","boolean":false},{"test_type":"UnitCountInBase","unit_type_string0":"Structure & Basic & Artillery","compare0":"<","value0":2},{"test_type":"UnitCountInBase","unit_type_string0":"Structure & (EnergyProduction | Factory)","compare0":">=","value0":4},{"test_type":"UnitCountAroundBase","unit_type_string0":"Structure","string0":"Enemy","value0":350,"compare0":">=","value1":3},{"test_type":"CanFindPlaceToBuild","string0":"BasicArtillery"}]],"placement_rules":{"buffer":2,"placement_type":"FromMainBasePerimeter","unit_count_rules":[{"unit_type_string":"Structure","alliance":"Enemy","compare_type":">=","range":260,"count":3},{"unit_type_string":"Structure & Basic & Artillery","alliance":"Ally","compare_type":"<","range":75,"count":2}],"threat":{"influence_type":"AntiSurface","compare_type":"<","radius":10,"value":50}}},{"name":"Advanced Air Defense","to_build":"AdvancedAirDefense","instance_count":1,"priority":255,"base_sort":"FromPerimeter","builders":["AnyAdvancedFabber","SupportCommander"],"build_conditions":[[{"test_type":"CanAffordBuildDemand"},{"test_type":"HasPersonalityTag","string0":"Tutorial","boolean":false},{"test_type":"UnitCountInBase","unit_type_string0":"Structure & Advanced & AirDefense","compare0":"<","value0":4},{"test_type":"UnitCountInBase","unit_type_string0":"Structure & (EnergyProduction | Factory)","compare0":">=","value0":3},{"test_type":"HaveSeenEnemyUnits","unit_type_string0":"Mobile & Air & Advanced","boolean":true},{"test_type":"CanFindPlaceToBuild","string0":"AdvancedAirDefense"}],[{"test_type":"CanAffordBuildDemand"},{"test_type":"UnitCountInBase","unit_type_string0":"Structure & Advanced & AirDefense","compare0":"<","value0":4},{"test_type":"UnitCountInBase","unit_type_string0":"Structure & (Tactical | Artillery)","compare0":">=","value0":1},{"test_type":"HaveSeenEnemyUnits","unit_type_string0":"Mobile & Air & Advanced","boolean":true},{"test_type":"CanFindPlaceToBuild","string0":"AdvancedAirDefense"}]],"placement_rules":{"buffer":2,"placement_type":"FromMainBasePerimeter","unit_count_rules":[{"unit_type_string":"Structure & (EnergyProduction | Factory | Tactical | Artillery)","alliance":"Ally","compare_type":">=","range":50,"count":1},{"unit_type_string":"Structure & Advanced & AirDefense","alliance":"Ally","compare_type":"<","range":50,"count":1}]}},{"name":"Advanced Air Defense - Threat","to_build":"AdvancedAirDefense","instance_count":1,"priority":379,"base_sort":"FromPerimeter","builders":["AnyAdvancedFabber","SupportCommander"],"build_conditions":[[{"test_type":"CanAffordBuildDemand"},{"test_type":"UnitCountInBase","unit_type_string0":"Structure & Advanced & AirDefense","compare0":"<","value0":4},{"test_type":"HasPersonalityTag","string0":"Tutorial","boolean":false},{"test_type":"PlanetHighestEnemyArmyThreatRatio","string0":"Air","string1":"AntiAir","compare0":">","value0":1.0},{"test_type":"UnitCountInBase","unit_type_string0":"Structure & (EnergyProduction | Factory)","compare0":">=","value0":3},{"test_type":"HaveSeenEnemyUnits","unit_type_string0":"Mobile & Air & Advanced","boolean":true},{"test_type":"CanFindPlaceToBuild","string0":"AdvancedAirDefense"}]],"placement_rules":{"buffer":2,"placement_type":"FromMainBaseCenter","unit_count_rules":[{"unit_type_string":"Structure & (EnergyProduction | Factory | Tactical | Artillery)","alliance":"Ally","compare_type":">=","range":50,"count":1},{"unit_type_string":"Structure & Advanced & AirDefense","alliance":"Ally","compare_type":"<","range":75,"count":2}]}},{"name":"Advanced Land Defense","to_build":"AdvancedLandDefense","instance_count":1,"priority":255,"base_sort":"FromPerimeter","builders":["AnyAdvancedFabber","SupportCommander"],"build_conditions":[[{"test_type":"CanAffordBuildDemand"},{"test_type":"UnitCountInBase","unit_type_string0":"Structure & Advanced & SurfaceDefense","compare0":"<","value0":4},{"test_type":"UnitCountInBase","unit_type_string0":"Structure & (EnergyProduction | Factory)","compare0":">=","value0":3},{"test_type":"HaveSeenEnemyUnits","unit_type_string0":"Mobile & Land & Advanced","boolean":true},{"test_type":"CanFindPlaceToBuild","string0":"AdvancedLandDefense"}],[{"test_type":"CanAffordBuildDemand"},{"test_type":"UnitCountInBase","unit_type_string0":"Structure & Advanced & SurfaceDefense","compare0":"<","value0":4},{"test_type":"UnitCountInBase","unit_type_string0":"Structure & (Tactical | Artillery)","compare0":">=","value0":1},{"test_type":"HaveSeenEnemyUnits","unit_type_string0":"Mobile & Land & Advanced","boolean":true},{"test_type":"CanFindPlaceToBuild","string0":"AdvancedLandDefense"}]],"placement_rules":{"buffer":2,"placement_type":"FromMainBasePerimeter","unit_count_rules":[{"unit_type_string":"Structure & (EnergyProduction | Factory | Tactical | Artillery)","alliance":"Ally","compare_type":">=","range":50,"count":1},{"unit_type_string":"Structure & Advanced & SurfaceDefense","alliance":"Ally","compare_type":"<","range":50,"count":1}]}},{"name":"Advanced Land Defense - Threat","to_build":"AdvancedLandDefense","instance_count":1,"priority":379,"base_sort":"FromPerimeter","builders":["AnyAdvancedFabber","SupportCommander"],"build_conditions":[[{"test_type":"CanAffordBuildDemand"},{"test_type":"UnitCountInBase","unit_type_string0":"Structure & Advanced & SurfaceDefense","compare0":"<","value0":4},{"test_type":"PlanetHighestEnemyArmyThreatRatio","string0":"Land","string1":"AntiSurface","compare0":">","value0":1.0},{"test_type":"UnitCountInBase","unit_type_string0":"Structure & (EnergyProduction | Factory)","compare0":">=","value0":3},{"test_type":"HaveSeenEnemyUnits","unit_type_string0":"Mobile & Land & Advanced","boolean":true},{"test_type":"CanFindPlaceToBuild","string0":"AdvancedLandDefense"}]],"placement_rules":{"buffer":2,"placement_type":"FromMainBaseCenter","unit_count_rules":[{"unit_type_string":"Structure & (EnergyProduction | Factory | Tactical | Artillery)","alliance":"Ally","compare_type":">=","range":50,"count":1},{"unit_type_string":"Structure & Advanced & SurfaceDefense","alliance":"Ally","compare_type":"<","range":75,"count":2}]}},{"name":"Wall","to_build":"Wall","instance_count":1,"priority":0,"base_sort":"FromPerimeter","builders":["AnyBasicFabber","AnyAdvancedFabber"],"build_conditions":[[{"test_type":"CanAffordBuildDemand"},{"test_type":"UnitCountInBase","unit_type_string0":"Structure & Defense","compare0":">=","value0":1},{"test_type":"CanFindPlaceToBuild","string0":"Wall"}]],"placement_rules":{"placement_type":"FromMainBasePerimeter","unit_count_rules":[{"unit_type_string":"Structure & Defense - AirDefense","alliance":"Ally","compare_type":">=","range":8,"count":1},{"unit_type_string":"Structure & Wall","alliance":"Ally","compare_type":"<","range":20,"count":4}]}},{"name":"Umbrella","to_build":"Umbrella","instance_count":100,"priority":378,"builders":["AnyBasicFabber","AnyAdvancedFabber"],"build_conditions":[[{"test_type":"CanAffordBuildDemand"},{"test_type":"SystemThreat","string0":"Orbital","compare0":">","value0":0},{"test_type":"UnitCountInBase","unit_type_string0":"(Structure & OrbitalDefense) - Orbital","compare0":"<","value0":3},{"test_type":"UnitCountInBase","unit_type_string0":"Structure & ((EnergyProduction & Advanced) | Factory)","compare0":">","value0":0},{"test_type":"CanFindPlaceToBuild","string0":"Umbrella"}],[{"test_type":"CanAffordBuildDemand"},{"test_type":"SystemThreat","string0":"Orbital","compare0":">","value0":0},{"test_type":"UnitCountInBase","unit_type_string0":"(Structure & OrbitalDefense) - Orbital","compare0":"<","value0":3},{"test_type":"UnitCountInBase","unit_type_string0":"Structure & (PlanetEngine | ControlModule)","compare0":">","value0":0},{"test_type":"CanFindPlaceToBuild","string0":"Umbrella"}],[{"test_type":"CanAffordBuildDemand"},{"test_type":"SystemThreat","string0":"Orbital","compare0":">","value0":0},{"test_type":"UnitCountInBase","unit_type_string0":"(Structure & OrbitalDefense) - Orbital","compare0":"<","value0":3},{"test_type":"UnitCountInBase","unit_type_string0":"Commander","compare0":">","value0":0},{"test_type":"CanFindPlaceToBuild","string0":"Umbrella"}]],"placement_rules":{"buffer":2,"placement_type":"FromMainBaseCenter","unit_count_rules":[{"unit_type_string":"(Structure & OrbitalDefense) - Orbital","alliance":"Ally","compare_type":"<","range":150,"count":10}]}},{"name":"Umbrella - Rush","to_build":"Umbrella","instance_count":10,"priority":386,"builders":["AnyBasicFabber","AnyAdvancedFabber"],"build_conditions":[[{"test_type":"CanAffordBuildDemand"},{"test_type":"BaseThreat","string0":"Orbital","compare0":">","value0":0},{"test_type":"UnitCountInBase","unit_type_string0":"(Structure & OrbitalDefense) - Orbital","compare0":"<","value0":1},{"test_type":"UnitCountInBase","unit_type_string0":"Structure & ((EnergyProduction & Advanced) | Factory)","compare0":">","value0":0},{"test_type":"CanFindPlaceToBuild","string0":"Umbrella"}],[{"test_type":"CanAffordBuildDemand"},{"test_type":"BaseThreat","string0":"Orbital","compare0":">","value0":0},{"test_type":"UnitCountInBase","unit_type_string0":"(Structure & OrbitalDefense) - Orbital","compare0":"<","value0":1},{"test_type":"UnitCountInBase","unit_type_string0":"Structure & (PlanetEngine | ControlModule)","compare0":">","value0":0},{"test_type":"CanFindPlaceToBuild","string0":"Umbrella"}],[{"test_type":"CanAffordBuildDemand"},{"test_type":"BaseThreat","string0":"Orbital","compare0":">","value0":0},{"test_type":"UnitCountInBase","unit_type_string0":"(Structure & OrbitalDefense) - Orbital","compare0":"<","value0":1},{"test_type":"UnitCountInBase","unit_type_string0":"Commander","compare0":">","value0":0},{"test_type":"CanFindPlaceToBuild","string0":"Umbrella"}]],"placement_rules":{"buffer":2,"placement_type":"FromMainBaseCenter","unit_count_rules":[{"unit_type_string":"(Structure & OrbitalDefense) - Orbital","alliance":"Ally","compare_type":"<","range":150,"count":1}]}},{"name":"Anti Nuke Silo","to_build":"AntiNukeSilo","instance_count":5,"shared_instance_count":"AntiNukeSilo","priority":500,"builders":["AnyAdvancedFabber"],"build_conditions":[[{"test_type":"SystemToPlanetThreatRatio","string0":"Nuke","string1":"AntiNuke","compare0":">","value0":5.0},{"test_type":"UnitCountInBase","unit_type_string0":"Structure & ((EnergyProduction & Advanced) | Factory)","compare0":">=","value0":1},{"test_type":"CanFindPlaceToBuild","string0":"AntiNukeSilo"}]],"placement_rules":{"buffer":2,"placement_type":"FromMainBaseCenter","unit_count_rules":[{"unit_type_string":"Structure & ((EnergyProduction & Advanced) | Factory)","alliance":"Ally","compare_type":">=","range":150,"count":20},{"unit_type_string":"Structure & NukeDefense","alliance":"Ally","compare_type":"<","range":500,"count":20}]}},{"name":"Anti Nuke Silo - Rush","to_build":"AntiNukeSilo","instance_count":50,"shared_instance_count":"AntiNukeSilo","priority":500,"min_num_assisters":5,"max_num_assisters":10,"builders":["AnyAdvancedFabber"],"build_conditions":[[{"test_type":"SystemToPlanetThreatRatio","string0":"Nuke","string1":"AntiNuke","compare0":">","value0":0.0},{"test_type":"UnitCountInBase","unit_type_string0":"Structure & ((EnergyProduction & Advanced) | Factory)","compare0":">=","value0":1},{"test_type":"UnitCountOnPlanet","unit_type_string0":"Structure & NukeDefense","compare0":"<","value0":1},{"test_type":"CanFindPlaceToBuild","string0":"AntiNukeSilo"}],[{"test_type":"HaveHadANukeEvent","boolean":true},{"test_type":"UnitCountInBase","unit_type_string0":"Structure & ((EnergyProduction & Advanced) | Factory)","compare0":">=","value0":1},{"test_type":"UnitCountOnPlanet","unit_type_string0":"Structure & NukeDefense","compare0":"<","value0":1},{"test_type":"CanFindPlaceToBuild","string0":"AntiNukeSilo"}]],"placement_rules":{"buffer":2,"placement_type":"FromMainBaseCenter","unit_count_rules":[{"unit_type_string":"Structure & ((EnergyProduction & Advanced) | Factory)","alliance":"Ally","compare_type":">=","range":500,"count":1},{"unit_type_string":"Structure & NukeDefense","alliance":"Ally","compare_type":"<","range":50,"count":1}]}}]}