{"build_list":[{"name":"Seismic Bot","to_build":"SeismicBot","instance_count":10,"min_num_assisters":25,"max_num_assisters":50,"shared_instance_count":"Titan","priority":480,"builders":["AnyAdvancedFabber","SupportCommander"],"build_conditions":[[{"test_type":"AloneOnPlanet","boolean":false},{"test_type":"PlanetIsRespawnable","boolean":false},{"test_type":"CanAffordBuildDemand"},{"test_type":"CanAffordPotentialDrain","string0":"SeismicBot"},{"test_type":"UnitCountOnPlanet","unit_type_string0":"Factory - Orbital","compare0":">=","value0":1},{"test_type":"CanFindPlaceToBuild","string0":"SeismicBot"}]],"placement_rules":{"placement_type":"FromMainBaseCenter","threat":{"influence_type":"AntiSurface","compare_type":"<","radius":10,"value":50}}},{"name":"Fortress Vehicle","to_build":"FortressVehicle","instance_count":1,"min_num_assisters":3,"max_num_assisters":15,"shared_instance_count":"Titan","priority":480,"builders":["AnyAdvancedFabber"],"build_conditions":[[{"test_type":"AloneOnPlanet","boolean":false},{"test_type":"PlanetIsRespawnable","boolean":false},{"test_type":"CanAffordBuildDemand"},{"test_type":"CanAffordPotentialDrain","string0":"FortressVehicle"},{"test_type":"UnitCountOnPlanet","unit_type_string0":"Factory - Orbital","compare0":">=","value0":1},{"test_type":"CanFindPlaceToBuild","string0":"FortressVehicle"}]],"placement_rules":{"placement_type":"FromMainBaseCenter","threat":{"influence_type":"AntiSurface","compare_type":"<","radius":10,"value":50}}},{"name":"Tesla Gunship","to_build":"TeslaGunship","instance_count":1,"min_num_assisters":25,"max_num_assisters":50,"shared_instance_count":"Titan","priority":480,"builders":["AnyAdvancedFabber"],"build_conditions":[[{"test_type":"AloneOnPlanet","boolean":false},{"test_type":"PlanetIsRespawnable","boolean":false},{"test_type":"CanAffordBuildDemand"},{"test_type":"CanAffordPotentialDrain","string0":"TeslaGunship"},{"test_type":"UnitCountOnPlanet","unit_type_string0":"Factory - Orbital","compare0":">=","value0":1},{"test_type":"CanFindPlaceToBuild","string0":"TeslaGunship"}]],"placement_rules":{"placement_type":"FromMainBaseCenter","threat":{"influence_type":"AntiSurface","compare_type":"<","radius":10,"value":50}}},{"name":"Orbital Mothership","to_build":"MotherShip","instance_count":1,"min_num_assisters":3,"max_num_assisters":15,"shared_instance_count":"Titan","priority":480,"builders":["OrbitalFabber"],"build_conditions":[[{"test_type":"CanAffordBuildDemand"},{"test_type":"CanAffordPotentialDrain","string0":"MotherShip"},{"test_type":"UnitCountOnPlanet","unit_type_string0":"Factory & Orbital","compare0":">=","value0":1},{"test_type":"CanFindPlaceToBuild","string0":"MotherShip"}]],"placement_rules":{"placement_type":"FromMainBaseCenter","threat":{"influence_type":"AntiOrbital","compare_type":"<","radius":10,"value":50}}},{"name":"Planet Splitter","to_build":"PlanetSplitter","instance_count":2,"min_num_assisters":50,"max_num_assisters":100,"shared_instance_count":"Titan","priority":480,"builders":["AnyAdvancedFabber"],"build_conditions":[[{"test_type":"EnemyPresenceOnPlanet","boolean":true},{"test_type":"PlanetThreat","string0":"Economy","compare0":">","value0":5000},{"test_type":"PlanetIsRespawnable","boolean":false},{"test_type":"CanAffordBuildDemand"},{"test_type":"PlanetCount","compare0":">=","value0":2},{"test_type":"CanAffordPotentialDrain","string0":"PlanetSplitter"},{"test_type":"PlanetHasUseablePlanetWeapon","boolean":false},{"test_type":"PlanetIsMainEcoBase","boolean":false},{"test_type":"UnitCountOnPlanet","unit_type_string0":"Factory - Orbital","compare0":">=","value0":1},{"test_type":"UnitCountOnPlanet","unit_type_string0":"Structure & Advanced & SelfDestruct","compare0":"<","value0":1},{"test_type":"AlliedUnitCountOnPlanet","unit_type_string0":"Structure & Advanced & SelfDestruct","compare0":"<=","boolean":true,"value0":0},{"test_type":"CanFindPlaceToBuild","string0":"PlanetSplitter"}]],"placement_rules":{"placement_type":"FromMainBaseCenter","buffer":5,"threat":{"influence_type":"AntiSurface","compare_type":"<","radius":10,"value":50}}}]}